INSERT INTO roles(name) VALUES ('USER'), ('ADMIN');

INSERT INTO users(name, email, password, mobile, address, birthday, role_id) VALUES
('John Doe', 'john.doe@email.com', '#John_Doe_Password0', '+40721543701', '123 Main St, Boston, USA', '1980-02-15', 2),
('Jane Smith', 'jane.smith@email.com', '#Jane_Smith_Password0', '+40756321802', '456 Oak St, London, UK', '1982-07-10', 2),
('Michael Johnson', 'michael.johnson@email.com', '#Michael_Johnson_Password0', '+40789712303', '789 Pine St, Madrid, Spain', '1990-11-20', 2),
('Laura Brown', 'laura.brown@email.com', '#Laura_Brown_Password0', '+40734289604', '333 Elm St, Paris, France', '1985-08-25', 2),
('Emma Davis', 'emma.davis@email.com', '#Emma_Davis_Password0', '+40771598205', '424 Willow St, Rome, Italy', '1994-03-12', 2),
('Sophia Miller', 'sophia.miller@email.com', '#Sophia_Miller_Password0', '+40746823906', '575 Maple St, Berlin, Germany', '1987-12-30', 1),
('Oliver Wilson', 'oliver.wilson@email.com', '#Oliver_Wilson_Password0', '+40731265907', '226 Cedar St, Prague, Czech Republic', '1991-06-18', 1),
('Isabella Moore', 'isabella.moore@email.com', '#Isabella_Moore_Password0', '+40728913408', '341 Birch St, Dublin, Ireland', '1988-11-05', 1),
('Mia Taylor', 'mia.taylor@email.com', '#Mia_Taylor_Password0', '+40795637109', '108 Cherry St, Amsterdam, Netherlands', '1993-02-22', 1),
('Charlotte Anderson', 'charlotte.anderson@email.com', '#Charlotte_Anderson_Password0', '+40762418910', '629 Walnut St, Vienna, Austria', '1995-07-09', 1),
('Amelia Thomas', 'amelia.thomas@email.com', '#Amelia_Thomas_Password0', '+40787596111', '904 Redwood St, Budapest, Hungary', '1986-10-14', 1),
('Harper Jackson', 'harper.jackson@email.com', '#Harper_Jackson_Password0', '+40741267312', '213 Aspen St, Warsaw, Poland', '1992-04-30', 1),
('Evelyn White', 'evelyn.white@email.com', '#Evelyn_White_Password0', '+40723986113', '536 Spruce St, Copenhagen, Denmark', '1989-09-16', 1),
('Abigail Harris', 'abigail.harris@email.com', '#Abigail_Harris_Password0', '+40768271914', '645 Fir St, Brussels, Belgium', '1997-01-02', 1),
('Emily Martin', 'emily.martin@email.com', '#Emily_Martin_Password0', '+40752198415', '299 Pinecone St, Zurich, Switzerland', '1998-05-24', 1),
('Sofia Thompson', 'sofia.thompson@email.com', '#Sofia_Thompson_Password0', '+40739627816', '872 Oakwood St, Stockholm, Sweden', '1996-08-08', 1),
('Oscar Hamilton', 'oscar.hamilton@email.com', '#Oscar_Hamilton_Password0', '+40765324811', '482 Oak St, Amsterdam, Netherlands', '1980-05-12', 1),
('Alice Rivera', 'alice.rivera@email.com', '#Alice_Rivera_Password0', '+40781254913', '171 Pine St, Rome, Italy', '1975-07-21', 1),
('Theodore Cooper', 'theodore.cooper@email.com', '#Theodore_Cooper_Password0', '+40752483915', '256 Elm St, Sydney, Australia', '1982-09-18', 1),
('Vivian Jordan', 'vivian.jordan@email.com', '#Vivian_Jordan_Password0', '+40739821567', '839 Maple St, Dublin, Ireland', '1978-11-23', 1),
('Hugo Patterson', 'hugo.patterson@email.com', '#Hugo_Patterson_Password0', '+40716483920', '496 Cedar St, Barcelona, Spain', '1985-01-28', 1),
('Sophie Reid', 'sophie.reid@email.com', '#Sophie_Reid_Password0', '+40798621542', '173 Birch St, Berlin, Germany', '1976-03-20', 1),
('Otto Sanders', 'otto.sanders@email.com', '#Otto_Sanders_Password0', '+40752863914', '982 Cherry St, Toronto, Canada', '1981-05-15', 1),
('Stella Wood', 'stella.wood@email.com', '#Stella_Wood_Password0', '+40739281560', '549 Redwood St, Vienna, Austria', '1974-07-22', 1),
('Arthur Vasquez', 'arthur.vasquez@email.com', '#Arthur_Vasquez_Password0', '+40769825371', '328 Aspen St, Paris, France', '1982-09-19', 1),
('Clara Dunn', 'clara.dunn@email.com', '#Clara_Dunn_Password0', '+40751283946', '615 Spruce St, London, United Kingdom', '1979-11-24', 1),
('Tobias Kelley', 'tobias.kelley@email.com', '#Tobias_Kelley_Password0', '+40712369850', '333 Fir St, New York, United States', '1984-01-29', 1),
('Cora Santiago', 'cora.santiago@email.com', '#Cora_Santiago_Password0', '+40782319652', '927 Pinecone St, Lisbon, Portugal', '1977-03-21', 1),
('Leonard Gardner', 'leonard.gardner@email.com', '#Leonard_Gardner_Password0', '+40765872913', '888 Oakwood St, Brussels, Belgium', '1980-05-16', 1),
('Mabel Soto', 'mabel.soto@email.com', '#Mabel_Soto_Password0', '+40793728156', '214 Elmwood St, Stockholm, Sweden', '1975-07-23', 1),
('Felix Francis', 'felix.francis@email.com', '#Felix_Francis_Password0', '+40752698147', '346 Birchwood St, Oslo, Norway', '1983-09-20', 1),
('Ralph Aguilar', 'ralph.aguilar@email.com', '#Ralph_Aguilar_Password0', '+40713982650', '721 Redbud St, Zurich, Switzerland', '1986-02-02', 1),
('Juliet McCoy', 'juliet.mccoy@email.com', '#Juliet_McCoy_Password0', '+40785129634', '461 Cedarwood St, Helsinki, Finland', '1978-04-17', 1),
('Clark Hogan', 'clark.hogan@email.com', '#Clark_Hogan_Password0', '+40768927351', '186 Aspenwood St, Prague, Czech Republic', '1981-06-10', 1),
('Daphne Potter', 'daphne.potter@email.com', '#Daphne_Potter_Password0', '+40751283966', '901 Firwood St, Athens, Greece', '1977-08-29', 1),
('Edwin Cannon', 'edwin.cannon@email.com', '#Edwin_Cannon_Password0', '+40712369890', '629 Pine St, Budapest, Hungary', '1984-10-22', 1),
('Elsie Collier', 'elsie.collier@email.com', '#Elsie_Collier_Password0', '+40782319692', '468 Oak St, Warsaw, Poland', '1980-12-27', 1),
('Amos Gilbert', 'amos.gilbert@email.com', '#Amos_Gilbert_Password0', '+40765872943', '327 Elm St, Bucharest, Romania', '1986-02-03', 1),
('Nina Hendricks', 'nina.hendricks@email.com', '#Nina_Hendricks_Password0', '+40793728186', '921 Maple St, Kiev, Ukraine', '1979-04-18', 1),
('Seth Mathews', 'seth.mathews@email.com', '#Seth_Mathews_Password0', '+40752698187', '542 Cedar St, Moscow, Russia', '1981-06-11', 1),
('Delilah Sweeney', 'delilah.sweeney@email.com', '#Delilah_Sweeney_Password0', '+40713982670', '835 Birch St, Saint Petersburg, Russia', '1978-08-30', 1),
('Elliott Floyd', 'elliott.floyd@email.com', '#Elliott_Floyd_Password0', '+40785129674', '311 Cherry St, Ankara, Turkey', '1984-10-23', 1),
('Tessa McDowell', 'tessa.mcdowell@email.com', '#Tessa_McDowell_Password0', '+40768927371', '614 Redwood St, Tel Aviv, Israel', '1980-12-28', 1),
('Reuben Hardin', 'reuben.hardin@email.com', '#Reuben_Hardin_Password0', '+40751283986', '195 Aspen St, Cairo, Egypt', '1986-02-04', 1),
('Flora Browning', 'flora.browning@email.com', '#Flora_Browning_Password0', '+40712369910', '428 Spruce St, Cape Town, South Africa', '1979-04-19', 1),
('Arlo Pugh', 'arlo.pugh@email.com', '#Arlo_Pugh_Password0', '+40782319712', '934 Fir St, Nairobi, Kenya', '1981-06-12', 1),
('Mallory McKenzie', 'mallory.mckenzie@email.com', '#Mallory_McKenzie_Password0', '+40765872963', '718 Pine St, Lagos, Nigeria', '1978-08-31', 1),
('Willis Mays', 'willis.mays@email.com', '#Willis_Mays_Password0', '+40793728206', '238 Oak St, Addis Ababa, Ethiopia', '1984-10-24', 1),
('Elaine Allison', 'elaine.allison@email.com', '#Elaine_Allison_Password0', '+40752698207', '361 Elm St, Tokyo, Japan', '1980-12-29', 1),
('Felix Oneal', 'felix.oneal@email.com', '#Felix_Oneal_Password0', '+40713982700', '486 Maple St, Seoul, South Korea', '1986-02-05', 1),
('Sasha Zamora', 'sasha.zamora@email.com', '#Sasha_Zamora_Password0', '+40785129704', '829 Cedar St, Beijing, China', '1979-04-20', 1),
('Byron Simon', 'byron.simon@email.com', '#Byron_Simon_Password0', '+40768927401', '352 Birch St, Shanghai, China', '1981-06-13', 1),
('Aileen Davenport', 'aileen.davenport@email.com', '#Aileen_Davenport_Password0', '+40751284016', '746 Cherry St, Hong Kong, China', '1978-09-01', 1),
('Russell Cervantes', 'russell.cervantes@email.com', '#Russell_Cervantes_Password0', '+40712369940', '660 Redwood St, Taipei, Taiwan', '1984-10-25', 1),
('Rosa Dougherty', 'rosa.dougherty@email.com', '#Rosa_Dougherty_Password0', '+40782319742', '180 Aspen St, Manila, Philippines', '1980-12-30', 1),
('Noel Justice', 'noel.justice@email.com', '#Noel_Justice_Password0', '+40765872983', '935 Spruce St, Bangkok, Thailand', '1986-02-06', 1),
('Edith Riddle', 'edith.riddle@email.com', '#Edith_Riddle_Password0', '+40793728226', '501 Fir St, Kuala Lumpur, Malaysia', '1979-04-21', 1),
('Roderick Boyer', 'roderick.boyer@email.com', '#Roderick_Boyer_Password0', '+40752698227', '999 Pine St, Singapore, Singapore', '1981-06-14', 1),
('Maribel Hodge', 'maribel.hodge@email.com', '#Maribel_Hodge_Password0', '+40713982720', '1200 Oak St, Jakarta, Indonesia', '1978-09-02', 1),
('Trenton Durham', 'trenton.durham@email.com', '#Trenton_Durham_Password0', '+40712369960', '42 Elm St, Sydney, Australia', '1984-10-26', 1);

INSERT INTO feedbacks(feedback_type, description, sent_at, user_id) VALUES
('BUG', 'App crashes when submitting a form.', '2023-04-20 14:30', 1),
('OPTIMIZATION', 'Improve page load time for the dashboard.', '2023-04-21 09:15', 2),
('IMPROVEMENT', 'Add a dark mode for better user experience.', '2023-04-22 16:45', 3),
('BUG', 'Error message appears when uploading an image.', '2023-04-23 11:10', 4),
('IMPROVEMENT', 'Integrate social media sharing options.', '2023-04-24 13:25', 5),
('OPTIMIZATION', 'Optimize search functionality for better results.', '2023-04-25 10:50', 6),
('BUG', 'Login issues after resetting the password.', '2023-04-26 17:20', 7),
('IMPROVEMENT', 'Add more filtering options in the search bar.', '2023-04-27 15:40', 8),
('OPTIMIZATION', 'Reduce the size of the header to save screen space.', '2023-04-28 18:05', 9),
('BUG', 'Unable to edit profile information.', '2023-04-29 12:30', 10),
('IMPROVEMENT', 'Include an option to save items to a wishlist.', '2023-04-30 14:15', 11),
('OPTIMIZATION', 'Compress images to improve page load time.', '2023-05-01 09:45', 12),
('BUG', 'Notifications not appearing on the mobile app.', '2023-05-02 16:10', 13),
('IMPROVEMENT', 'Allow users to customize their profile layout.', '2023-05-03 11:35', 14),
('OPTIMIZATION', 'Implement lazy loading for faster initial load.', '2023-05-04 17:20', 15);

INSERT INTO mentors (name, email, password, mobile, address, birthday, is_available, number_of_employees) VALUES
('John Doe', 'john.doe@email.com', '#John_Doe_Password0', '+40721543701', '123 Main St, Boston, USA', '1980-02-15', true, 5),
('Jane Smith', 'jane.smith@email.com', '#Jane_Smith_Password0', '+40756321802', '456 Oak St, London, UK', '1982-07-10', true, 5),
('Michael Johnson', 'michael.johnson@email.com', '#Michael_Johnson_Password0', '+40789712303', '789 Pine St, Madrid, Spain', '1990-11-20', true, 5),
('Laura Brown', 'laura.brown@email.com', '#Laura_Brown_Password0', '+40734289604', '333 Elm St, Paris, France', '1985-08-25', true, 5),
('Emma Davis', 'emma.davis@email.com', '#Emma_Davis_Password0', '+40771598205', '424 Willow St, Rome, Italy', '1994-03-12', true, 5),
('Sophia Miller', 'sophia.miller@email.com', '#Sophia_Miller_Password0', '+40746823906', '575 Maple St, Berlin, Germany', '1987-12-30', true, 5),
('Oliver Wilson', 'oliver.wilson@email.com', '#Oliver_Wilson_Password0', '+40731265907', '226 Cedar St, Prague, Czech Republic', '1991-06-18', true, 5),
('Isabella Moore', 'isabella.moore@email.com', '#Isabella_Moore_Password0', '+40728913408', '341 Birch St, Dublin, Ireland', '1988-11-05', true, 5),
('Mia Taylor', 'mia.taylor@email.com', '#Mia_Taylor_Password0', '+40795637109', '108 Cherry St, Amsterdam, Netherlands', '1993-02-22', true, 5),
('Charlotte Anderson', 'charlotte.anderson@email.com', '#Charlotte_Anderson_Password0', '+40762418910', '629 Walnut St, Vienna, Austria', '1995-07-09', true, 5),
('Amelia Thomas', 'amelia.thomas@email.com', '#Amelia_Thomas_Password0', '+40787596111', '904 Redwood St, Budapest, Hungary', '1986-10-14', true, 5),
('Harper Jackson', 'harper.jackson@email.com', '#Harper_Jackson_Password0', '+40741267312', '213 Aspen St, Warsaw, Poland', '1992-04-30', true, 5),
('Evelyn White', 'evelyn.white@email.com', '#Evelyn_White_Password0', '+40723986113', '536 Spruce St, Copenhagen, Denmark', '1989-09-16', true, 5),
('Abigail Harris', 'abigail.harris@email.com', '#Abigail_Harris_Password0', '+40768271914', '645 Fir St, Brussels, Belgium', '1997-01-02', true, 5),
('Emily Martin', 'emily.martin@email.com', '#Emily_Martin_Password0', '+40752198415', '299 Pinecone St, Zurich, Switzerland', '1998-05-24', true, 5);

INSERT INTO studies(university, faculty, major) VALUES
('Harvard University', 'Faculty of Arts and Sciences', 'Economics'),
('Stanford University', 'School of Engineering', 'Computer Science'),
('University of Chicago', 'Booth School of Business', 'Business Analysis'),
('University College London', 'Faculty of Engineering', 'Software Engineering'),
('University of Michigan', 'School of Information', 'Information Science'),
('Massachusetts Institute of Technology', 'School of Engineering', 'Electrical Engineering and Computer Science'),
('University of California, Berkeley', 'College of Engineering', 'Electrical Engineering'),
('Carnegie Mellon University', 'School of Computer Science', 'Computer Science'),
('Georgia Institute of Technology', 'College of Computing', 'Computer Science'),
('University of Waterloo', 'Faculty of Mathematics', 'Applied Mathematics'),
('ETH Zurich', 'Department of Computer Science', 'Computer Science'),
('University of Oxford', 'Mathematical Institute', 'Mathematics'),
('Carnegie Mellon University', 'School of Computer Science', 'Software Engineering'),
('University of Toronto', 'Faculty of Applied Computer Science', 'Computer Science'),
('Harvard University', 'John A. Paulson School of Mathematics and Applied Sciences', 'Computer Science');

INSERT INTO experiences(title, organization, experience_type, started_at, finished_at) VALUES
('Software Engineering Intern', 'Google', 'INTERNSHIP', '2019-06-01', '2019-08-31'),
('Data Science Intern', 'Facebook', 'INTERNSHIP', '2020-06-01', '2020-08-31'),
('Backend Developer Intern', 'Amazon', 'INTERNSHIP', '2019-05-01', '2019-07-31'),
('Frontend Developer Intern', 'Microsoft', 'INTERNSHIP', '2020-05-15', '2020-08-15'),
('Machine Learning Trainee', 'Apple', 'TRAINING', '2018-06-15', '2018-09-15'),
('Web Development Trainee', 'IBM', 'TRAINING', '2017-06-01', '2017-12-31'),
('Software Developer Trainee', 'Intel', 'TRAINING', '2018-06-01', '2018-08-31'),
('Mobile Application Developer Trainee', 'Uber', 'TRAINING', '2019-09-01', '2019-11-30'),
('Cloud Computing Apprentice', 'Oracle', 'APPRENTICESHIP', '2019-01-01', '2019-06-30'),
('Full Stack Developer Apprentice', 'Airbnb', 'APPRENTICESHIP', '2018-01-15', '2018-07-15'),
('Cybersecurity Apprentice', 'Cisco', 'APPRENTICESHIP', '2019-02-01', '2019-08-31'),
('Database Administration Apprentice', 'Salesforce', 'APPRENTICESHIP', '2020-03-01', '2020-09-30'),
('Open Source Contributor', 'Mozilla', 'VOLUNTEERING', '2017-09-01', '2018-03-31'),
('Code Mentor', 'Codecademy', 'VOLUNTEERING', '2020-02-01', '2020-06-30'),
('Hackathon Organizer', 'TechCrunch', 'VOLUNTEERING', '2019-01-01', '2019-06-30'),
('Teaching Assistant', 'Coursera', 'VOLUNTEERING', '2018-09-01', '2018-12-31');

INSERT INTO employees(name, email, password, mobile, address, birthday, job_type, position, grade, mentor_id, studies_id) VALUES
('Sofia Thompson', 'sofia.thompson@email.com', '#Sofia_Thompson_Password0', '+40739627816', '872 Oakwood St, Stockholm, Sweden', '1996-08-08', 'FULL_TIME', 'FRONTEND', 'JUNIOR', 1, 1),
('Oscar Hamilton', 'oscar.hamilton@email.com', '#Oscar_Hamilton_Password0', '+40765324811', '482 Oak St, Amsterdam, Netherlands', '1980-05-12', 'FULL_TIME', 'FRONTEND', 'JUNIOR', 1, 1),
('Alice Rivera', 'alice.rivera@email.com', '#Alice_Rivera_Password0', '+40781254913', '171 Pine St, Rome, Italy', '1975-07-21', 'FULL_TIME', 'FRONTEND', 'MID', 1, 1),
('Theodore Cooper', 'theodore.cooper@email.com', '#Theodore_Cooper_Password0', '+40752483915', '256 Elm St, Sydney, Australia', '1982-09-18', 'FULL_TIME', 'FRONTEND', 'MID', 2, 2),
('Vivian Jordan', 'vivian.jordan@email.com', '#Vivian_Jordan_Password0', '+40739821567', '839 Maple St, Dublin, Ireland', '1978-11-23', 'FULL_TIME', 'FRONTEND', 'SENIOR', 2, 2),
('Hugo Patterson', 'hugo.patterson@email.com', '#Hugo_Patterson_Password0', '+40716483920', '496 Cedar St, Barcelona, Spain', '1985-01-28', 'FULL_TIME', 'BACKEND', 'JUNIOR', 2, 2),
('Sophie Reid', 'sophie.reid@email.com', '#Sophie_Reid_Password0', '+40798621542', '173 Birch St, Berlin, Germany', '1976-03-20', 'FULL_TIME', 'BACKEND', 'JUNIOR', 3, 3),
('Otto Sanders', 'otto.sanders@email.com', '#Otto_Sanders_Password0', '+40752863914', '982 Cherry St, Toronto, Canada', '1981-05-15', 'FULL_TIME', 'BACKEND', 'MID', 3, 3),
('Stella Wood', 'stella.wood@email.com', '#Stella_Wood_Password0', '+40739281560', '549 Redwood St, Vienna, Austria', '1974-07-22', 'FULL_TIME', 'BACKEND', 'MID', 3, 3),
('Arthur Vasquez', 'arthur.vasquez@email.com', '#Arthur_Vasquez_Password0', '+40769825371', '328 Aspen St, Paris, France', '1982-09-19', 'FULL_TIME', 'BACKEND', 'SENIOR', 4, 4),
('Clara Dunn', 'clara.dunn@email.com', '#Clara_Dunn_Password0', '+40751283946', '615 Spruce St, London, United Kingdom', '1979-11-24', 'FULL_TIME', 'TESTING', 'JUNIOR', 4, 4),
('Tobias Kelley', 'tobias.kelley@email.com', '#Tobias_Kelley_Password0', '+40712369850', '333 Fir St, New York, United States', '1984-01-29', 'FULL_TIME', 'TESTING', 'JUNIOR', 4, 4),
('Cora Santiago', 'cora.santiago@email.com', '#Cora_Santiago_Password0', '+40782319652', '927 Pinecone St, Lisbon, Portugal', '1977-03-21', 'FULL_TIME', 'TESTING', 'MID', 5, 5),
('Leonard Gardner', 'leonard.gardner@email.com', '#Leonard_Gardner_Password0', '+40765872913', '888 Oakwood St, Brussels, Belgium', '1980-05-16', 'FULL_TIME', 'TESTING', 'MID', 5, 5),
('Mabel Soto', 'mabel.soto@email.com', '#Mabel_Soto_Password0', '+40793728156', '214 Elmwood St, Stockholm, Sweden', '1975-07-23', 'FULL_TIME', 'TESTING', 'SENIOR', 5, 5),
('Felix Francis', 'felix.francis@email.com', '#Felix_Francis_Password0', '+40752698147', '346 Birchwood St, Oslo, Norway', '1983-09-20', 'FULL_TIME', 'DEVOPS', 'JUNIOR', 6, 6),
('Ralph Aguilar', 'ralph.aguilar@email.com', '#Ralph_Aguilar_Password0', '+40713982650', '721 Redbud St, Zurich, Switzerland', '1986-02-02', 'FULL_TIME', 'DEVOPS', 'JUNIOR', 6, 6),
('Juliet McCoy', 'juliet.mccoy@email.com', '#Juliet_McCoy_Password0', '+40785129634', '461 Cedarwood St, Helsinki, Finland', '1978-04-17', 'FULL_TIME', 'DEVOPS', 'MID', 6, 6),
('Clark Hogan', 'clark.hogan@email.com', '#Clark_Hogan_Password0', '+40768927351', '186 Aspenwood St, Prague, Czech Republic', '1981-06-10', 'FULL_TIME', 'DEVOPS', 'MID', 7, 7),
('Daphne Potter', 'daphne.potter@email.com', '#Daphne_Potter_Password0', '+40751283966', '901 Firwood St, Athens, Greece', '1977-08-29', 'FULL_TIME', 'DEVOPS', 'SENIOR', 7, 7),
('Edwin Cannon', 'edwin.cannon@email.com', '#Edwin_Cannon_Password0', '+40712369890', '629 Pine St, Budapest, Hungary', '1984-10-22', 'FULL_TIME', 'DESIGN', 'JUNIOR', 7, 7),
('Elsie Collier', 'elsie.collier@email.com', '#Elsie_Collier_Password0', '+40782319692', '468 Oak St, Warsaw, Poland', '1980-12-27', 'FULL_TIME', 'DESIGN', 'JUNIOR', 8, 8),
('Amos Gilbert', 'amos.gilbert@email.com', '#Amos_Gilbert_Password0', '+40765872943', '327 Elm St, Bucharest, Romania', '1986-02-03', 'FULL_TIME', 'DESIGN', 'MID', 8, 8),
('Nina Hendricks', 'nina.hendricks@email.com', '#Nina_Hendricks_Password0', '+40793728186', '921 Maple St, Kiev, Ukraine', '1979-04-18', 'FULL_TIME', 'DESIGN', 'MID', 8, 8),
('Seth Mathews', 'seth.mathews@email.com', '#Seth_Mathews_Password0', '+40752698187', '542 Cedar St, Moscow, Russia', '1981-06-11', 'FULL_TIME', 'DESIGN', 'SENIOR', 9, 8),
('Delilah Sweeney', 'delilah.sweeney@email.com', '#Delilah_Sweeney_Password0', '+40713982670', '835 Birch St, Saint Petersburg, Russia', '1978-08-30', 'FULL_TIME', 'DATA_ANALYST', 'JUNIOR', 9, 9),
('Elliott Floyd', 'elliott.floyd@email.com', '#Elliott_Floyd_Password0', '+40785129674', '311 Cherry St, Ankara, Turkey', '1984-10-23', 'FULL_TIME', 'DATA_ANALYST', 'JUNIOR', 9, 9),
('Tessa McDowell', 'tessa.mcdowell@email.com', '#Tessa_McDowell_Password0', '+40768927371', '614 Redwood St, Tel Aviv, Israel', '1980-12-28', 'FULL_TIME', 'DATA_ANALYST', 'MID', 10, 10),
('Reuben Hardin', 'reuben.hardin@email.com', '#Reuben_Hardin_Password0', '+40751283986', '195 Aspen St, Cairo, Egypt', '1986-02-04', 'FULL_TIME', 'DATA_ANALYST', 'MID', 10, 10),
('Flora Browning', 'flora.browning@email.com', '#Flora_Browning_Password0', '+40712369910', '428 Spruce St, Cape Town, South Africa', '1979-04-19', 'FULL_TIME', 'DATA_ANALYST', 'SENIOR', 10, 10),
('Arlo Pugh', 'arlo.pugh@email.com', '#Arlo_Pugh_Password0', '+40782319712', '934 Fir St, Nairobi, Kenya', '1981-06-12', 'FULL_TIME', 'ML_ENGINEER', 'JUNIOR', 11, 11),
('Mallory McKenzie', 'mallory.mckenzie@email.com', '#Mallory_McKenzie_Password0', '+40765872963', '718 Pine St, Lagos, Nigeria', '1978-08-31', 'FULL_TIME', 'ML_ENGINEER', 'JUNIOR', 11, 11),
('Willis Mays', 'willis.mays@email.com', '#Willis_Mays_Password0', '+40793728206', '238 Oak St, Addis Ababa, Ethiopia', '1984-10-24', 'FULL_TIME', 'ML_ENGINEER', 'MID', 11, 11),
('Elaine Allison', 'elaine.allison@email.com', '#Elaine_Allison_Password0', '+40752698207', '361 Elm St, Tokyo, Japan', '1980-12-29', 'FULL_TIME', 'ML_ENGINEER', 'MID', 12, 12),
('Felix Oneal', 'felix.oneal@email.com', '#Felix_Oneal_Password0', '+40713982700', '486 Maple St, Seoul, South Korea', '1986-02-05', 'FULL_TIME', 'ML_ENGINEER', 'SENIOR', 12, 12),
('Sasha Zamora', 'sasha.zamora@email.com', '#Sasha_Zamora_Password0', '+40785129704', '829 Cedar St, Beijing, China', '1979-04-20', 'FULL_TIME', 'BUSINESS_ANALYST', 'JUNIOR', 12, 12),
('Byron Simon', 'byron.simon@email.com', '#Byron_Simon_Password0', '+40768927401', '352 Birch St, Shanghai, China', '1981-06-13', 'FULL_TIME', 'BUSINESS_ANALYST', 'JUNIOR', 13, 13),
('Aileen Davenport', 'aileen.davenport@email.com', '#Aileen_Davenport_Password0', '+40751284016', '746 Cherry St, Hong Kong, China', '1978-09-01', 'FULL_TIME', 'BUSINESS_ANALYST', 'MID', 13, 13),
('Russell Cervantes', 'russell.cervantes@email.com', '#Russell_Cervantes_Password0', '+40712369940', '660 Redwood St, Taipei, Taiwan', '1984-10-25', 'FULL_TIME', 'BUSINESS_ANALYST', 'MID', 13, 13),
('Rosa Dougherty', 'rosa.dougherty@email.com', '#Rosa_Dougherty_Password0', '+40782319742', '180 Aspen St, Manila, Philippines', '1980-12-30', 'FULL_TIME', 'BUSINESS_ANALYST', 'SENIOR', 14, 14),
('Noel Justice', 'noel.justice@email.com', '#Noel_Justice_Password0', '+40765872983', '935 Spruce St, Bangkok, Thailand', '1986-02-06', 'FULL_TIME', 'SCRUM_MASTER', 'JUNIOR', 14, 14),
('Edith Riddle', 'edith.riddle@email.com', '#Edith_Riddle_Password0', '+40793728226', '501 Fir St, Kuala Lumpur, Malaysia', '1979-04-21', 'FULL_TIME', 'SCRUM_MASTER', 'JUNIOR', 14, 14),
('Roderick Boyer', 'roderick.boyer@email.com', '#Roderick_Boyer_Password0', '+40752698227', '999 Pine St, Singapore, Singapore', '1981-06-14', 'FULL_TIME', 'SCRUM_MASTER', 'MID', 15, 15),
('Maribel Hodge', 'maribel.hodge@email.com', '#Maribel_Hodge_Password0', '+40713982720', '1200 Oak St, Jakarta, Indonesia', '1978-09-02', 'FULL_TIME', 'SCRUM_MASTER', 'MID', 15, 15),
('Trenton Durham', 'trenton.durham@email.com', '#Trenton_Durham_Password0', '+40712369960', '42 Elm St, Sydney, Australia', '1984-10-26', 'FULL_TIME', 'SCRUM_MASTER', 'SENIOR', 15, 15);

INSERT INTO employees_experiences(employee_id, experience_id) VALUES
(1, 1), (1, 2),
(2, 3), (2, 4),
(3, 5), (3, 6),
(4, 7), (4, 8),
(5, 9), (5, 10),
(6, 11), (6, 12),
(7, 13), (7, 14),
(8, 15), (8, 16),
(9, 1), (9, 2),
(10, 3), (10, 4),
(11, 5), (11, 6),
(12, 7), (12, 8),
(13, 9), (13, 10),
(14, 11), (14, 12),
(15, 13), (15, 14),
(16, 15), (16, 16),
(17, 1), (17, 2),
(18, 3), (18, 4),
(19, 5), (19, 6),
(20, 7), (20, 8),
(21, 9), (21, 10),
(22, 11), (22, 12),
(23, 13), (23, 14),
(24, 15), (24, 16),
(25, 1), (25, 2),
(26, 3), (26, 4),
(27, 5), (27, 6),
(28, 7), (28, 8),
(29, 9), (29, 10),
(30, 11), (30, 12),
(31, 13), (31, 14),
(32, 15), (32, 16),
(33, 1), (33, 2),
(34, 3), (34, 4),
(35, 5), (35, 6),
(36, 7), (36, 8),
(37, 9), (37, 10),
(38, 11), (38, 12),
(39, 13), (39, 14),
(40, 15), (40, 16),
(41, 1), (41, 2),
(42, 3), (42, 4),
(43, 5), (43, 6),
(44, 7), (44, 8),
(45, 9), (45, 10);